Open,High,Low,Close,Adj Close,Volume,implied_volatility,log_return,realized_volatility_10d,vol_spread,Close_brent,Close_euro_stoxx,Close_gold,Close_dxy
4478.8701171875,4478.8701171875,4432.18994140625,4437.85986328125,4437.85986328125,3832250000,0.16459999084472657,-0.011618139396096483,0.11244454062915597,0.052155450215570595,84.88999938964844,4288.56982421875,1902.5,103.20999908447266
4433.7900390625,4449.9501953125,4403.5498046875,4404.330078125,4404.330078125,3753910000,0.16780000686645508,-0.007584081792624527,0.09899127298215062,0.06880873388430446,83.44999694824219,4284.27001953125,1896.0999755859375,103.41999816894531
4416.31982421875,4421.169921875,4364.830078125,4370.35986328125,4370.35986328125,3943700000,0.17889999389648437,-0.0077428113775290805,0.10251369287992351,0.07638630101656085,84.12000274658203,4227.830078125,1884.0999755859375,103.44000244140625
4344.8798828125,4381.81982421875,4335.31005859375,4369.7099609375,4369.7099609375,3940400000,0.17299999237060548,-0.00014871788395720285,0.10247909590777575,0.07052089646282973,84.80000305175781,4212.9501953125,1886.0999755859375,103.37999725341797
4380.27978515625,4407.5498046875,4360.2998046875,4399.77001953125,4399.77001953125,3726850000,0.171299991607666,0.006855634859799785,0.09619629838361991,0.0751036932240461,84.45999908447266,4224.8701171875,1893.300048828125,103.33000183105469
4415.330078125,4418.58984375,4382.77001953125,4387.5498046875,4387.5498046875,3522760000,0.16969999313354492,-0.0027813310465456837,0.09581039779601452,0.0738895953375304,84.02999877929688,4260.3701171875,1896.4000244140625,103.55999755859375
4396.43994140625,4443.18017578125,4396.43994140625,4436.009765625,4436.009765625,3837270000,0.15979999542236328,0.010984330710791359,0.11310460919305018,0.0466953862293131,83.20999908447266,4266.669921875,1918.5,103.36000061035156
4455.16015625,4458.2998046875,4375.5498046875,4376.31005859375,4376.31005859375,3723470000,0.17200000762939452,-0.01354935398400801,0.12979888059016356,0.04220112703923096,83.36000061035156,4232.22021484375,1918.199951171875,103.9800033569336
4389.3798828125,4418.4599609375,4356.2900390625,4405.7099609375,4405.7099609375,3296180000,0.1568000030517578,0.006695501060295156,0.13715631852291096,0.01964368452884685,84.4800033569336,4236.25,1911.0999755859375,104.08000183105469
4426.02978515625,4439.56005859375,4414.97998046875,4433.31005859375,4433.31005859375,2957230000,0.15079999923706056,0.006245078594196461,0.13791372479792463,0.012886274439135925,84.41999816894531,4293.68994140625,1917.9000244140625,104.05999755859375
4432.75,4500.14013671875,4431.68017578125,4497.6298828125,4497.6298828125,3354820000,0.14449999809265138,0.014404068712056505,0.14490194062904868,-0.00040194253639730393,85.48999786376953,4326.47021484375,1936.5,103.55000305175781
4500.33984375,4521.64990234375,4493.58984375,4514.8701171875,4514.8701171875,3064110000,0.13880000114440919,0.003825854181192944,0.1362958612303312,0.0025041399140779963,85.86000061035156,4315.31005859375,1944.300048828125,103.16000366210938
4517.009765625,4532.259765625,4507.39013671875,4507.66015625,4507.66015625,3946360000,0.1356999969482422,-0.0015982129743398576,0.1265336930687939,0.009166303879448306,86.86000061035156,4297.10986328125,1938.199951171875,103.62000274658203
4530.60009765625,4541.25,4501.35009765625,4515.77001953125,4515.77001953125,3246260000,0.1309000015258789,0.001797512765518541,0.12551050148257728,0.005389500043301632,88.55000305175781,4282.64013671875,1939.800048828125,104.23999786376953
4510.06005859375,4514.2900390625,4496.009765625,4496.830078125,4496.830078125,3526250000,0.14010000228881836,-0.004202997821381205,0.12893891818967357,0.011161084099144791,90.04000091552734,4269.16015625,1926.199951171875,104.80999755859375
4490.35009765625,4490.35009765625,4442.3798828125,4465.47998046875,4465.47998046875,3418850000,0.14449999809265138,-0.006996014491432261,0.13507166079250418,0.009428337300147194,90.5999984741211,4238.259765625,1918.0999755859375,104.86000061035156
4434.5498046875,4457.81005859375,4430.4599609375,4451.14013671875,4451.14013671875,3763760000,0.14399999618530274,-0.003216433115732967,0.1264559388514275,0.017544057333875235,89.91999816894531,4221.02001953125,1917.5,105.05999755859375
4451.2998046875,4473.52978515625,4448.3798828125,4457.490234375,4457.490234375,3259290000,0.13840000152587892,0.0014256060622570594,0.09997094251354899,0.03842905901232993,90.6500015258789,4237.18994140625,1918.4000244140625,105.08999633789062
4480.97998046875,4490.77001953125,4467.89013671875,4487.4599609375,4487.4599609375,3369920000,0.13800000190734862,0.006700951498135517,0.09997836128495866,0.03802164062238997,90.63999938964844,4254.330078125,1923.300048828125,104.56999969482422
4473.27001953125,4487.10986328125,4456.830078125,4461.89990234375,4461.89990234375,3435740000,0.14229999542236327,-0.005712169023003997,0.10318923852747168,0.03911075689489159,92.05999755859375,4242.27001953125,1911.300048828125,104.70999908447266
4462.64990234375,4479.39013671875,4453.52001953125,4467.43994140625,4467.43994140625,3529430000,0.1347999954223633,0.0012408621175346041,0.06978867870683166,0.06501131671553163,91.87999725341797,4223.47998046875,1909.0999755859375,104.7699966430664
4487.77978515625,4511.990234375,4478.68994140625,4505.10009765625,4505.10009765625,3648720000,0.1281999969482422,0.00839458553366625,0.08091738443504004,0.04728261251320215,93.69999694824219,4279.75,1910.0,105.41000366210938
4497.97998046875,4497.97998046875,4447.2099609375,4450.31982421875,4450.31982421875,6932230000,0.13789999961853028,-0.012234145842493929,0.10110000783859409,0.03679999177993619,93.93000030517578,4295.0498046875,1923.699951171875,105.31999969482422
4445.1298828125,4466.35986328125,4442.10986328125,4453.52978515625,4453.52978515625,3161230000,0.14,0.0007210276941755188,0.10032386619129628,0.03967613380870373,94.43000030517578,4245.8798828125,1931.5,105.19999694824219
4445.41015625,4449.85009765625,4416.60986328125,4443.9501953125,4443.9501953125,3614880000,0.14109999656677247,-0.0021533273615331264,0.09923518868706784,0.04186480787970463,94.33999633789062,4242.7001953125,1932.0,105.19999694824219
4452.81005859375,4461.02978515625,4401.3798828125,4402.2001953125,4402.2001953125,3308450000,0.15140000343322754,-0.009439204206291041,0.1038912289642209,0.04750877446900664,93.52999877929688,4275.97998046875,1945.5999755859375,105.16000366210938
4374.35986328125,4375.7001953125,4329.169921875,4330.0,4330.0,3662340000,0.17540000915527343,-0.016536918318488084,0.12883870790687188,0.04656130124840155,93.30000305175781,4212.58984375,1919.199951171875,105.36000061035156
4341.740234375,4357.39990234375,4316.490234375,4320.06005859375,4320.06005859375,3349570000,0.17200000762939452,-0.0022982374027607495,0.12679182362346567,0.04520818400592885,93.2699966430664,4207.16015625,1925.4000244140625,105.58000183105469
4310.6201171875,4338.509765625,4302.7001953125,4337.43994140625,4337.43994140625,3195650000,0.16899999618530273,0.0040149942038066174,0.12156895315363364,0.04743104303166909,93.29000091552734,4167.3701171875,1916.5999755859375,106.0
4312.8798828125,4313.009765625,4265.97998046875,4273.52978515625,4273.52978515625,3472340000,0.18940000534057616,-0.014844165482264943,0.1343979828465605,0.05500202249401567,93.95999908447266,4129.18017578125,1900.4000244140625,106.2300033569336
4282.6298828125,4292.06982421875,4238.6298828125,4274.509765625,4274.509765625,3875880000,0.18219999313354493,0.00022928777229479233,0.13331902629208403,0.0488809668414609,96.55000305175781,4131.68017578125,1871.5999755859375,106.66999816894531
4269.64990234375,4317.27001953125,4264.3798828125,4299.7001953125,4299.7001953125,3846230000,0.1734000015258789,0.005875877143000698,0.1269926045786502,0.0464073969472287,95.37999725341797,4161.56005859375,1860.4000244140625,106.22000122070312
4328.18017578125,4333.14990234375,4274.85986328125,4288.0498046875,4288.0498046875,3865960000,0.1752000045776367,-0.002713259648289315,0.11990239353798564,0.05529761103965107,95.30999755859375,4174.66015625,1848.0999755859375,106.16999816894531
4284.52001953125,4300.580078125,4260.2099609375,4288.39013671875,4288.39013671875,3938660000,0.17610000610351562,7.936440615299324e-05,0.11927942413334736,0.05682058197016826,90.70999908447266,4137.6298828125,1830.0,106.9000015258789
4269.75,4281.14990234375,4216.4501953125,4229.4501953125,4229.4501953125,3953830000,0.19780000686645507,-0.013839395863449198,0.12886199997147615,0.06893800689497892,90.91999816894531,4095.590087890625,1824.5999755859375,107.0
4233.830078125,4268.5,4220.47998046875,4263.75,4263.75,3777600000,0.18579999923706056,0.008077047607828946,0.14117708696484835,0.04462291227221221,85.80999755859375,4099.85009765625,1818.5,106.80000305175781
4259.31005859375,4267.1298828125,4225.91015625,4258.18994140625,4258.18994140625,3581470000,0.18489999771118165,-0.0013048811469951228,0.11999012673988356,0.06490987097129809,84.06999969482422,4099.81005859375,1816.5999755859375,106.33000183105469
4234.7900390625,4324.10009765625,4219.5498046875,4308.5,4308.5,3902030000,0.17450000762939452,0.011745642093961117,0.13738848704537993,0.037111520584014596,84.58000183105469,4144.43017578125,1830.199951171875,106.04000091552734
4289.02001953125,4341.72998046875,4283.7900390625,4335.66015625,4335.66015625,3174630000,0.17700000762939452,0.006284068119387409,0.13981977375350757,0.03718023387588695,88.1500015258789,4112.56982421875,1849.5,106.08000183105469
4339.75,4385.4599609375,4339.64013671875,4358.240234375,4358.240234375,3520240000,0.17030000686645508,0.005194476099985354,0.11426734315437068,0.0560326637120844,87.6500015258789,4205.22998046875,1861.0,105.83000183105469
4366.58984375,4378.64013671875,4345.33984375,4376.9501953125,4376.9501953125,3601660000,0.1609000015258789,0.004283819500095073,0.11435772209313817,0.04654227943274074,85.81999969482422,4200.7998046875,1872.800048828125,105.81999969482422
4380.93994140625,4385.85009765625,4325.43017578125,4349.60986328125,4349.60986328125,3713140000,0.16690000534057617,-0.006266024940654918,0.12003265022859712,0.04686735511197905,86.0,4198.22998046875,1869.300048828125,106.56999969482422
4360.490234375,4377.10009765625,4311.97021484375,4327.77978515625,4327.77978515625,3566560000,0.1931999969482422,-0.005031495660219892,0.12265941010817803,0.07054058684006416,90.88999938964844,4136.1201171875,1927.4000244140625,106.6500015258789
4342.3701171875,4383.330078125,4342.3701171875,4373.6298828125,4373.6298828125,3409960000,0.17209999084472657,0.010538642302589985,0.13156147201014726,0.04053851883457932,89.6500015258789,4149.85986328125,1921.0999755859375,106.23999786376953
4345.22998046875,4393.56982421875,4337.5400390625,4373.2001953125,4373.2001953125,3794850000,0.17879999160766602,-9.824987944376507e-05,0.09951210421305035,0.07928788739461567,89.9000015258789,4152.31982421875,1922.699951171875,106.25
4357.35009765625,4364.2001953125,4303.83984375,4314.60009765625,4314.60009765625,3686030000,0.1921999931335449,-0.013490408251151898,0.12611919871687813,0.06608079441666678,91.5,4105.85986328125,1955.300048828125,106.56999969482422
4321.35986328125,4339.5400390625,4269.68994140625,4278.0,4278.0,3969730000,0.21399999618530274,-0.008519032328057976,0.13499510916169044,0.0790048870236123,92.37999725341797,4090.330078125,1968.4000244140625,106.25
4273.85009765625,4276.56005859375,4223.02978515625,4224.16015625,4224.16015625,4004030000,0.21709999084472656,-0.012665149196155915,0.13348471142297474,0.08361527942175181,92.16000366210938,4024.679931640625,1982.5,106.16000366210938
4210.39990234375,4255.83984375,4189.22021484375,4217.0400390625,4217.0400390625,3776100000,0.203700008392334,-0.0016869920654349177,0.12542638955039742,0.07827361884193657,89.83000183105469,4041.75,1976.300048828125,105.54000091552734
4235.7900390625,4259.3798828125,4219.43017578125,4247.68017578125,4247.68017578125,3821820000,0.1896999931335449,0.0072395235196288195,0.1294208132505801,0.0602791798829648,88.06999969482422,4065.3701171875,1975.0,106.2699966430664
4232.419921875,4232.419921875,4181.419921875,4186.77001953125,4186.77001953125,3869370000,0.20190000534057617,-0.014443434657238052,0.135647873883891,0.06625213145668518,90.12999725341797,4073.35009765625,1984.0999755859375,106.52999877929688
4175.990234375,4183.60009765625,4127.89990234375,4137.22998046875,4137.22998046875,4277640000,0.2068000030517578,-0.011903081205584871,0.14063010935827544,0.06616989369348236,87.93000030517578,4049.39990234375,1987.199951171875,106.5999984741211
4152.93017578125,4156.7001953125,4103.77978515625,4117.3701171875,4117.3701171875,4019500000,0.21270000457763671,-0.00481183857862075,0.14063331584328473,0.07206668873435199,90.4800033569336,4014.360107421875,1988.5999755859375,106.55999755859375
4139.39013671875,4177.47021484375,4132.93994140625,4166.81982421875,4166.81982421875,3911140000,0.1975,0.011938474300285915,0.14506529201876472,0.052434707981235285,87.44999694824219,4028.320068359375,1996.199951171875,106.12000274658203
4171.330078125,4195.5498046875,4153.1201171875,4193.7998046875,4193.7998046875,4249470000,0.18139999389648437,0.006454084821688244,0.15449019822404533,0.026909795672439035,87.41000366210938,4061.1201171875,1985.199951171875,106.66000366210938
4201.27001953125,4245.64013671875,4197.740234375,4237.85986328125,4237.85986328125,4224900000,0.16870000839233398,0.010451194990191868,0.16075107384855514,0.007948934543778846,84.62999725341797,4091.7099609375,1978.800048828125,106.87999725341797
4268.259765625,4319.72021484375,4268.259765625,4317.77978515625,4317.77978515625,4669780000,0.1565999984741211,0.018682938934086474,0.1850519351751438,-0.028451936701022695,86.8499984741211,4169.6201171875,1985.5999755859375,106.12000274658203
4334.22998046875,4373.6201171875,4334.22998046875,4358.33984375,4358.33984375,4570960000,0.1490999984741211,0.00934988354455146,0.1723440830594032,-0.023244084585282127,84.88999938964844,4174.669921875,1991.5,105.0199966430664
4364.27001953125,4372.2099609375,4347.52978515625,4365.97998046875,4365.97998046875,3656340000,0.14890000343322754,0.0017514577241005862,0.17050940427361594,-0.0216094008403884,85.18000030517578,4158.64013671875,1981.5999755859375,105.22000122070312
4366.2099609375,4386.259765625,4355.41015625,4378.3798828125,4378.3798828125,3791230000,0.14810000419616698,0.0028360934017119537,0.16921224005187518,-0.021112235855708206,81.61000061035156,4153.3701171875,1966.800048828125,105.54000091552734
4384.3701171875,4391.2001953125,4359.759765625,4382.77978515625,4382.77978515625,3729510000,0.14449999809265138,0.0010044110324198868,0.13974977889658974,0.004750219196061639,79.54000091552734,4178.490234375,1951.5,105.58999633789062
4391.41015625,4393.39990234375,4343.93994140625,4347.35009765625,4347.35009765625,3900780000,0.15289999961853026,-0.008116690699068705,0.12805168069814746,0.024848318920382806,80.01000213623047,4229.2001953125,1964.199951171875,105.91000366210938
4364.14990234375,4418.02978515625,4353.33984375,4415.240234375,4415.240234375,3665080000,0.14170000076293945,0.015495759270772258,0.1252346372134232,0.01646536354951625,81.43000030517578,4197.35986328125,1932.5999755859375,105.86000061035156
4406.66015625,4421.759765625,4393.81982421875,4411.5498046875,4411.5498046875,3326240000,0.14760000228881837,-0.0008361884413700847,0.1274847435387349,0.020115258750083465,82.5199966430664,4232.18994140625,1945.5,105.66000366210938
4458.97021484375,4508.669921875,4458.97021484375,4495.7001953125,4495.7001953125,4700350000,0.14159999847412108,0.01889537047457725,0.1437819685345074,-0.0021819700603863124,82.47000122070312,4291.72021484375,1961.800048828125,104.11000061035156
4505.2998046875,4521.169921875,4495.31005859375,4502.8798828125,4502.8798828125,4347170000,0.1418000030517578,0.0015957382078471765,0.1446162498570698,-0.002816246805312006,81.18000030517578,4315.52978515625,1960.0999755859375,104.38999938964844
4497.080078125,4511.990234375,4487.830078125,4508.240234375,4508.240234375,3964520000,0.14319999694824218,0.0011897193967137305,0.12753607696931,0.015663919978932184,77.41999816894531,4302.4501953125,1983.9000244140625,104.37000274658203
4509.5498046875,4520.1201171875,4499.66015625,4514.02001953125,4514.02001953125,3777240000,0.13800000190734862,0.0012812279371779871,0.12502707279693923,0.012972929110409398,80.61000061035156,4340.77001953125,1981.5999755859375,103.81999969482422
4511.7001953125,4557.10986328125,4510.35986328125,4547.3798828125,4547.3798828125,3644790000,0.1340999984741211,0.007363103793795633,0.12598731310959022,0.008112685364530886,82.31999969482422,4342.41015625,1977.699951171875,103.47000122070312
4538.77001953125,4542.14013671875,4525.509765625,4538.18994140625,4538.18994140625,3511080000,0.13350000381469726,-0.002022975931757968,0.1296293842315994,0.0038706195830978674,82.44999694824219,4331.89990234375,1999.300048828125,103.56999969482422
4553.0400390625,4568.43017578125,4545.0498046875,4556.6201171875,4556.6201171875,3042810000,0.12850000381469726,0.004052905094313324,0.12883101650775935,-0.00033101269306209935,81.95999908447266,4352.02001953125,1991.4000244140625,103.91999816894531
4555.83984375,4560.31005859375,4552.7998046875,4559.33984375,4559.33984375,1639500000,0.12460000038146973,0.0005966956096450322,0.11248169510044513,0.012118305281024602,80.58000183105469,4372.10009765625,2002.199951171875,103.4000015258789
4554.85986328125,4560.52001953125,4546.31982421875,4550.43017578125,4550.43017578125,3403990000,0.12689999580383302,-0.0019560693168983586,0.09917776706206166,0.027722228741771354,79.9800033569336,4354.41015625,2011.800048828125,103.19999694824219
4545.5498046875,4568.14013671875,4540.509765625,4554.89013671875,4554.89013671875,3586240000,0.12689999580383302,0.0009796385280502918,0.09760947493415519,0.02929052086967783,81.68000030517578,4348.02001953125,2039.699951171875,102.75
4571.83984375,4587.64013671875,4547.14990234375,4550.580078125,4550.580078125,4418760000,0.12979999542236328,-0.0009466966151019382,0.044791762000782005,0.08500823342158129,83.0999984741211,4370.52978515625,2047.0999755859375,102.7699966430664
4554.8701171875,4569.89013671875,4537.240234375,4567.7998046875,4567.7998046875,5399300000,0.12920000076293944,0.003776931264994605,0.0466144145962735,0.08258558616666595,82.83000183105469,4382.47021484375,2038.0999755859375,103.5
4559.43017578125,4599.39013671875,4554.7099609375,4594.6298828125,4594.6298828125,4397120000,0.12630000114440917,0.005856558953846637,0.051561325011575045,0.07473867613283414,78.87999725341797,4418.509765625,2071.0,103.2699966430664
4564.3701171875,4572.3701171875,4546.72021484375,4569.77978515625,4569.77978515625,4369910000,0.13079999923706054,-0.005423188063826943,0.06342637353897078,0.06737362569808976,78.02999877929688,4414.9501953125,2024.0999755859375,103.63999938964844
4557.25,4578.56005859375,4551.68017578125,4567.18017578125,4567.18017578125,3909950000,0.12850000381469726,-0.0005690315939348026,0.05369459764634729,0.07480540616834996,77.19999694824219,4452.77001953125,2018.5,104.05000305175781
4586.22998046875,4590.740234375,4546.5,4549.33984375,4549.33984375,4245680000,0.12970000267028808,-0.003913851944943747,0.0568632355063476,0.07283676716394048,74.30000305175781,4483.259765625,2030.5,104.1500015258789
4568.83984375,4590.919921875,4565.22021484375,4585.58984375,4585.58984375,3818880000,0.130600004196167,0.007936610684821922,0.06664540928348685,0.06395459491268014,74.05000305175781,4473.77001953125,2029.9000244140625,103.54000091552734
4576.2001953125,4609.22998046875,4574.06005859375,4604.3701171875,4604.3701171875,3707010000,0.12350000381469727,0.0040871341465037936,0.06885769030649055,0.05464231350820671,75.83999633789062,4523.31005859375,1998.300048828125,104.01000213623047
4593.39013671875,4623.7099609375,4593.39013671875,4622.43994140625,4622.43994140625,3823210000,0.12630000114440917,0.003916813547781492,0.06814695689443007,0.05815304424997911,76.02999877929688,4540.18994140625,1978.0,104.0999984741211
4618.2998046875,4643.93017578125,4608.08984375,4643.7001953125,4643.7001953125,3808380000,0.12069999694824218,0.0045888127956924,0.06966295777132286,0.05103703917691932,73.23999786376953,4536.60986328125,1977.800048828125,103.87000274658203
4646.2001953125,4709.68994140625,4643.22998046875,4707.08984375,4707.08984375,5063650000,0.12189999580383301,0.01355834517501981,0.08841607974063007,0.033483916063202945,74.26000213623047,4530.18994140625,1982.300048828125,102.87000274658203
4721.0400390625,4738.56982421875,4694.33984375,4719.5498046875,4719.5498046875,6314040000,0.12479999542236328,0.002643565185154432,0.0884572012579476,0.03634279416441567,76.61000061035156,4539.16015625,2030.199951171875,101.95999908447266
4714.22998046875,4725.52978515625,4704.68994140625,4719.18994140625,4719.18994140625,8218980000,0.12279999732971192,-7.625240044859478e-05,0.08860990321806132,0.034190094111650596,76.55000305175781,4549.43994140625,2021.0999755859375,102.55000305175781
4725.580078125,4749.52001953125,4725.580078125,4740.56005859375,4740.56005859375,4060340000,0.125600004196167,0.004518122263400515,0.07638004028770018,0.04921996390846681,77.94999694824219,4521.1298828125,2026.300048828125,102.51000213623047
4743.72021484375,4768.68994140625,4743.72021484375,4768.3701171875,4768.3701171875,4026970000,0.12529999732971192,0.005849267450818904,0.07313515210704842,0.0521648452226635,79.2300033569336,4535.39990234375,2038.4000244140625,102.16999816894531
4764.72998046875,4778.009765625,4697.81982421875,4698.35009765625,4698.35009765625,4201320000,0.13670000076293945,-0.014793147965305628,0.11550855194903367,0.021191448813905778,79.69999694824219,4533.81982421875,2034.5,102.41000366210938
4724.2900390625,4748.7099609375,4708.35009765625,4746.75,4746.75,3431180000,0.13649999618530273,0.010248769307271876,0.11868984219311858,0.01781015399218415,79.38999938964844,4524.85986328125,2039.0999755859375,101.83999633789062
4753.919921875,4772.93994140625,4736.77001953125,4754.6298828125,4754.6298828125,3046770000,0.13029999732971193,0.0016586821527610754,0.11895297400155617,0.01134702332815575,79.06999969482422,4521.47021484375,2057.10009765625,101.69999694824219
4773.4501953125,4785.39013671875,4768.89990234375,4781.580078125,4781.580078125,2748450000,0.12430000305175781,0.0014294356164229985,0.1190692671733582,0.005230735878399617,79.6500015258789,4528.3798828125,2081.89990234375,100.98999786376953
4786.43994140625,4793.2998046875,4780.97998046875,4783.35009765625,4783.35009765625,2698860000,0.12470000267028808,0.0003701061103271183,0.1034797429553091,0.021220259714978984,78.38999938964844,4514.3798828125,2073.89990234375,101.2300033569336
4782.8798828125,4788.43017578125,4751.990234375,4769.830078125,4769.830078125,3126060000,0.12449999809265137,-0.0028304770367338357,0.10557207735339161,0.018927920739259765,77.04000091552734,4521.64990234375,2062.39990234375,101.33000183105469
4725.06982421875,4729.2900390625,4699.7099609375,4704.81005859375,4704.81005859375,3950760000,0.14039999961853028,-0.008048618327197648,0.11594763605977682,0.024452363558753465,78.25,4448.1298828125,2034.199951171875,102.45999908447266
4697.419921875,4726.77978515625,4687.52978515625,4688.68017578125,4688.68017578125,3715480000,0.1413000011444092,-0.003434271663317429,0.1103686791328278,0.030931322011581386,77.58999633789062,4474.009765625,2042.300048828125,102.41999816894531
4690.56982421875,4721.490234375,4682.10986328125,4697.240234375,4697.240234375,3844370000,0.13350000381469726,0.0018240216394339805,0.08331932628569509,0.05018067752900217,78.76000213623047,4463.509765625,2042.4000244140625,102.41000366210938
4703.7001953125,4764.5400390625,4699.81982421875,4763.5400390625,4763.5400390625,3742320000,0.13079999923706054,0.014015945436353141,0.09729759678268156,0.03350240245437898,76.12000274658203,4485.47998046875,2026.5999755859375,102.20999908447266
4741.93017578125,4765.47021484375,4730.35009765625,4756.5,4756.5,3529960000,0.12760000228881835,-0.0014789938523175842,0.09739359129278091,0.030206410996037436,77.58999633789062,4467.169921875,2026.4000244140625,102.56999969482422
4759.93994140625,4790.7998046875,4756.2001953125,4783.4501953125,4783.4501953125,3498680000,0.12689999580383302,0.005649980650495912,0.09935391846343469,0.027546077340398323,76.80000305175781,4468.97998046875,2021.699951171875,102.36000061035156
4792.1298828125,4798.5,4739.580078125,4780.240234375,4780.240234375,3759890000,0.12439999580383301,-0.0006712808369611647,0.09917492617569573,0.02522506962813728,77.41000366210938,4442.27978515625,2014.300048828125,102.29000091552734
4791.18017578125,4802.39990234375,4768.97998046875,4783.830078125,4783.830078125,3486340000,0.12699999809265136,0.0007506937530339595,0.09923608947403613,0.027763908618615232,78.29000091552734,4480.02001953125,2046.699951171875,102.4000015258789
4772.35009765625,4782.33984375,4747.1201171875,4765.97998046875,4765.97998046875,4260550000,0.13840000152587892,-0.0037383190523568345,0.10006487839009681,0.038335123135782107,78.29000091552734,4446.509765625,2026.0,103.36000061035156
4739.1298828125,4744.22998046875,4714.81982421875,4739.2099609375,4739.2099609375,3928600000,0.1478999996185303,-0.005632731271107821,0.09999631132447695,0.04790368829405334,77.87999725341797,4403.080078125,2002.5999755859375,103.44999694824219
4760.10009765625,4785.7900390625,4740.56982421875,4780.93994140625,4780.93994140625,4019000000,0.1413000011444092,0.008766720726243148,0.09806912305857361,0.043230878085835575,79.0999984741211,4453.0498046875,2018.5999755859375,103.54000091552734
4796.27978515625,4842.06982421875,4785.8701171875,4839.81005859375,4839.81005859375,4287200000,0.13300000190734862,0.012238308232548512,0.10669807025234339,0.02630193165500523,78.55999755859375,4448.830078125,2026.5,103.29000091552734
4853.419921875,4868.41015625,4844.0498046875,4850.43017578125,4850.43017578125,4297610000,0.13189999580383302,0.0021919211872316853,0.10658380979150928,0.025316186012323744,80.05999755859375,4480.31982421875,2019.800048828125,103.33000183105469
4856.7998046875,4866.47998046875,4844.3701171875,4864.60009765625,4864.60009765625,3912800000,0.12550000190734864,0.002917115340764486,0.0880204312398094,0.037479570667539236,79.55000305175781,4465.91015625,2023.699951171875,103.62000274658203
4888.56005859375,4903.68017578125,4865.93994140625,4868.5498046875,4868.5498046875,4330030000,0.13140000343322755,0.0008115989762168653,0.08614413240253113,0.04525587103069642,80.04000091552734,4564.10986328125,2013.9000244140625,103.23999786376953
4886.66015625,4898.14990234375,4869.33984375,4894.16015625,4894.16015625,4020430000,0.13449999809265137,0.00524657813497798,0.08573141867375501,0.048768579418896355,82.43000030517578,4582.259765625,2016.9000244140625,103.56999969482422
4888.91015625,4906.68994140625,4881.47021484375,4890.97021484375,4890.97021484375,3353400000,0.13260000228881835,-0.0006519977554263648,0.08571283372842212,0.046887168560396236,83.55000305175781,4635.47021484375,2016.800048828125,103.47000122070312
4892.9501953125,4929.31005859375,4887.39990234375,4927.93017578125,4927.93017578125,3525160000,0.13600000381469726,0.007528365505246204,0.08899471464399565,0.04700528917070161,82.4000015258789,4639.35986328125,2025.199951171875,103.61000061035156
4925.89013671875,4931.08984375,4916.27001953125,4924.97021484375,4924.97021484375,3836130000,0.133100004196167,-0.0006008303969786162,0.0836054469001827,0.04949455729598429,82.87000274658203,4662.7001953125,2031.5,103.4000015258789
4899.18994140625,4906.75,4845.14990234375,4845.64990234375,4845.64990234375,4696120000,0.14350000381469727,-0.016236851740733683,0.12295158395921574,0.02054841985548153,81.70999908447266,4648.39990234375,2048.39990234375,103.2699966430664
4861.10986328125,4906.97021484375,4853.52001953125,4906.18994140625,4906.18994140625,4386090000,0.13880000114440919,0.012416286114049784,0.12957818522447198,0.009221815919937204,78.69999694824219,4638.60009765625,2053.0,103.05000305175781
4916.06005859375,4975.2900390625,4907.990234375,4958.60986328125,4958.60986328125,3974350000,0.13850000381469726,0.01062777072263312,0.12643311445477134,0.01206688935992592,77.33000183105469,4654.5498046875,2036.0999755859375,103.91999816894531
4957.18994140625,4957.18994140625,4918.08984375,4942.81005859375,4942.81005859375,4023640000,0.13670000076293945,-0.0031914247092839714,0.1295604228625068,0.007139577900432653,77.98999786376953,4655.27001953125,2025.699951171875,104.44999694824219
4950.16015625,4957.77001953125,4934.8798828125,4954.22998046875,4954.22998046875,4440880000,0.130600004196167,0.0023077459317481074,0.1294607924599104,0.0011392117362565846,78.58999633789062,4690.8701171875,2034.5,104.18000030517578
4973.0498046875,4999.89013671875,4969.0498046875,4995.06005859375,4995.06005859375,4895590000,0.12829999923706054,0.008207682594008628,0.13311107200365566,-0.00481107276659512,79.20999908447266,4678.85009765625,2035.199951171875,104.04000091552734
4995.16015625,5000.39990234375,4987.08984375,4997.91015625,4997.91015625,4341860000,0.12789999961853027,0.000570420540090595,0.13254232565752808,-0.004642326038997807,81.62999725341797,4710.77978515625,2032.199951171875,104.1500015258789
5004.169921875,5030.06005859375,5000.33984375,5026.60986328125,5026.60986328125,3912990000,0.12930000305175782,0.0057259171287955156,0.13270437712421126,-0.0034043740724534477,82.19000244140625,4715.8701171875,2023.300048828125,104.08000183105469
5026.830078125,5048.39013671875,5016.830078125,5021.83984375,5021.83984375,3805740000,0.13930000305175783,-0.0009494041426524416,0.13094352680949012,0.008356476242267707,82.0,4746.35009765625,2018.199951171875,104.16999816894531
4967.93994140625,4971.2998046875,4920.31005859375,4953.169921875,4953.169921875,4302190000,0.15850000381469725,-0.013768609419845444,0.15280935783514504,0.005690645979552211,82.7699966430664,4689.27978515625,1992.9000244140625,104.95999908447266
4976.43994140625,5002.52001953125,4956.4501953125,5000.6201171875,5000.6201171875,3845600000,0.1438000011444092,0.009534168304216807,0.12581941850732187,0.017980582637087322,81.5999984741211,4709.22021484375,1990.300048828125,104.72000122070312
5003.14013671875,5032.72021484375,4999.43994140625,5029.72998046875,5029.72998046875,4137970000,0.14010000228881836,0.00580437267404004,0.11619157932341764,0.023908422965400716,82.86000061035156,4743.169921875,2002.0999755859375,104.30000305175781
5031.1298828125,5038.7001953125,4999.52001953125,5005.56982421875,5005.56982421875,3833270000,0.14239999771118164,-0.0048150435759610425,0.11166895455280802,0.03073104315837362,83.47000122070312,4765.64990234375,2011.5,104.30000305175781
4989.31982421875,4993.7099609375,4955.02001953125,4975.509765625,4975.509765625,4034880000,0.15420000076293947,-0.0060234264658172495,0.11544559839841785,0.038754402364521615,82.33999633789062,4760.27978515625,2027.5,104.08000183105469
4963.02978515625,4983.2099609375,4946.0,4981.7998046875,4981.7998046875,3788390000,0.1534000015258789,0.0012634014951035982,0.11514672805062262,0.03825327347525628,83.02999877929688,4775.31005859375,2022.300048828125,104.01000213623047
5038.830078125,5094.39013671875,5038.830078125,5087.02978515625,5087.02978515625,4051710000,0.14539999961853028,0.02090288866640342,0.15086676080229416,-0.00546676118376388,83.66999816894531,4855.35986328125,2019.699951171875,103.95999908447266
5100.919921875,5111.06005859375,5081.4599609375,5088.7998046875,5088.7998046875,3672790000,0.1375,0.000347887026502183,0.15092267967310194,-0.013422679673101928,81.62000274658203,4872.56982421875,2038.5999755859375,103.94000244140625
5093.0,5097.66015625,5068.91015625,5069.52978515625,5069.52978515625,3683930000,0.13739999771118164,-0.003793939244668484,0.1515575797410893,-0.014157582029907662,82.52999877929688,4864.2900390625,2028.5,103.83000183105469
5074.60009765625,5080.68994140625,5057.2900390625,5078.18017578125,5078.18017578125,3925950000,0.13430000305175782,0.001704895538720964,0.15126051286222514,-0.016960509810467317,83.6500015258789,4885.740234375,2034.0,103.83000183105469
5067.2001953125,5077.3701171875,5058.35009765625,5069.759765625,5069.759765625,3789370000,0.13840000152587892,-0.001659531321112244,0.128380939502471,0.01001906202340791,83.68000030517578,4883.77001953125,2033.0,103.9800033569336
5085.35986328125,5104.990234375,5061.89013671875,5096.27001953125,5096.27001953125,5219740000,0.13399999618530273,0.0052154704557999644,0.12332289886557855,0.010677097319724174,83.62000274658203,4877.77001953125,2045.699951171875,104.16000366210938
5098.509765625,5140.330078125,5094.16015625,5137.080078125,5137.080078125,4748110000,0.13109999656677246,0.007975936433387976,0.12570926317454717,0.005390733392225289,83.55000305175781,4894.85986328125,2086.89990234375,103.86000061035156
5130.990234375,5149.669921875,5127.18017578125,5130.9501953125,5130.9501953125,4758440000,0.13489999771118164,-0.0011939745749630112,0.12136148262568856,0.013538515085493072,82.80000305175781,4912.919921875,2117.699951171875,103.83000183105469
5110.52001953125,5114.5400390625,5056.81982421875,5078.64990234375,5078.64990234375,4418410000,0.14460000038146972,-0.010245406275917994,0.13109861549439064,0.013501384887079082,82.04000091552734,4893.06982421875,2133.5,103.80000305175781
5108.02978515625,5127.97021484375,5092.22021484375,5104.759765625,5104.759765625,4559050000,0.145,0.005127932853001643,0.1318809566808284,0.013119043319171603,82.95999908447266,4915.490234375,2150.300048828125,103.37000274658203
5132.3798828125,5165.6201171875,5128.2099609375,5157.35986328125,5157.35986328125,4137980000,0.144399995803833,0.010251402284983627,0.09611328662345076,0.04828670918038225,82.95999908447266,4974.22021484375,2158.0,102.81999969482422
5164.4599609375,5189.259765625,5117.5,5123.68994140625,5123.68994140625,4208870000,0.14739999771118165,-0.006549922992050337,0.10408063381771483,0.043319363893466814,82.08000183105469,4961.10986328125,2178.60009765625,102.73999786376953
5111.9599609375,5124.66015625,5091.14013671875,5117.93994140625,5117.93994140625,3896430000,0.15220000267028808,-0.0011228682680281005,0.10169988927217946,0.050500113398108615,82.20999908447266,4930.419921875,2182.5,102.87000274658203
5134.2998046875,5179.8701171875,5114.47998046875,5175.27001953125,5175.27001953125,4080510000,0.13840000152587892,0.011139512586668012,0.11394999961029141,0.024450001915587508,81.91999816894531,4983.2001953125,2160.39990234375,102.95999908447266
5173.490234375,5179.14013671875,5151.8798828125,5165.31005859375,5165.31005859375,4282890000,0.1375,-0.0019263840021219723,0.11419062059196221,0.023309379408037803,84.02999877929688,5000.5498046875,2175.39990234375,102.79000091552734
5175.14013671875,5176.85009765625,5123.2998046875,5150.47998046875,5150.47998046875,4687970000,0.14399999618530274,-0.002875221051495188,0.11476945651290865,0.029230539672394085,85.41999816894531,4993.1201171875,2163.0,103.36000061035156
5123.31005859375,5136.85986328125,5104.35009765625,5117.08984375,5117.08984375,7753670000,0.14409999847412108,-0.0065040228597376655,0.11334096192698243,0.030759036547138657,85.33999633789062,4986.02001953125,2157.300048828125,103.43000030517578
5154.77001953125,5175.60009765625,5145.47021484375,5149.419921875,5149.419921875,4036220000,0.14329999923706055,0.006298184238480456,0.1179972498956778,0.025302749341382755,86.88999938964844,4982.759765625,2160.699951171875,103.58000183105469
5139.08984375,5180.31005859375,5131.58984375,5178.509765625,5178.509765625,4031760000,0.1381999969482422,0.00563325304434312,0.10415036011941221,0.034049636828829985,87.37999725341797,5007.919921875,2156.300048828125,103.80999755859375
5181.68994140625,5226.18994140625,5171.5498046875,5224.6201171875,5224.6201171875,4064850000,0.13039999961853027,0.008864765516360184,0.10892566080842242,0.02147433881010785,85.94999694824219,5000.31005859375,2157.89990234375,103.41000366210938
5253.43017578125,5261.10009765625,5240.66015625,5241.52978515625,5241.52978515625,4207730000,0.12920000076293944,0.003231309094528888,0.09994501656691102,0.029254984196028427,85.77999877929688,5052.31005859375,2182.39990234375,104.0
5242.47998046875,5246.08984375,5229.8701171875,5234.18017578125,5234.18017578125,3374700000,0.130600004196167,-0.0014031718343267125,0.09111607626584275,0.039483927930324236,85.43000030517578,5031.14990234375,2158.10009765625,104.43000030517578
5219.52001953125,5229.08984375,5216.08984375,5218.18994140625,5218.18994140625,3331360000,0.13189999580383302,-0.0030596403820319297,0.09354065327601839,0.03835934252781463,86.75,5044.18994140625,2174.800048828125,104.2300033569336
5228.85009765625,5235.16015625,5203.419921875,5203.580078125,5203.580078125,3871790000,0.13239999771118163,-0.002803721982805726,0.08041017923986368,0.05198981847131795,86.25,5064.18017578125,2175.60009765625,104.29000091552734
5226.31005859375,5249.259765625,5213.919921875,5248.490234375,5248.490234375,3850500000,0.12779999732971192,0.008593595582706042,0.08830869774541292,0.039491299584299006,86.08999633789062,5081.740234375,2190.60009765625,104.3499984741211
5248.02978515625,5264.85009765625,5245.81982421875,5254.35009765625,5254.35009765625,3998270000,0.13010000228881835,0.0011158627007616052,0.08485379768889033,0.04524620459992802,87.4800033569336,5083.419921875,2217.39990234375,104.55000305175781
5204.2900390625,5208.33984375,5184.0498046875,5205.81005859375,5205.81005859375,3886590000,0.14609999656677247,-0.007265388203672426,0.08532813126533138,0.06077186530144109,88.91999816894531,5042.0,2261.0,104.81999969482422
5194.3701171875,5228.75,5194.3701171875,5211.490234375,5211.490234375,3703250000,0.14329999923706055,0.001090527523337898,0.08151646109540317,0.06178353814165738,89.3499984741211,5069.25,2294.39990234375,104.25
5244.0498046875,5256.58984375,5146.06005859375,5147.2099609375,5147.2099609375,4075680000,0.16350000381469726,-0.01241103561926225,0.09081007901131655,0.07268992480338071,90.6500015258789,5070.759765625,2288.800048828125,104.12000274658203
5158.9501953125,5222.18017578125,5157.2099609375,5204.33984375,5204.33984375,3386780000,0.16030000686645507,0.011038050135699558,0.1088463699409783,0.051453636925476776,91.16999816894531,5014.75,2325.699951171875,104.30000305175781
5211.3701171875,5219.56982421875,5197.35009765625,5202.39013671875,5202.39013671875,3278180000,0.151899995803833,-0.0003747011900415767,0.1087859507940601,0.04311404500977291,90.37999725341797,5046.0498046875,2331.699951171875,104.13999938964844
5217.02978515625,5224.81005859375,5160.77978515625,5209.91015625,5209.91015625,3400680000,0.14979999542236327,0.0014444494736345207,0.10829376967018935,0.04150622575217393,89.41999816894531,4990.89990234375,2343.5,104.1500015258789
5167.8798828125,5178.43017578125,5138.7001953125,5160.64013671875,5160.64013671875,3845930000,0.15800000190734864,-0.009501981832212592,0.11768729282437206,0.040312709082976586,90.4800033569336,5000.830078125,2329.60009765625,105.25
5172.9501953125,5211.77978515625,5138.77001953125,5199.06005859375,5199.06005859375,3509380000,0.1490999984741211,0.007417221983342437,0.11517146018288996,0.03392853829123113,89.73999786376953,4966.68017578125,2354.800048828125,105.27999877929688
5171.509765625,5175.02978515625,5107.93994140625,5123.41015625,5123.41015625,3963220000,0.17309999465942383,-0.014657587802248536,0.13308932340483973,0.0400106712545841,90.44999694824219,4955.009765625,2356.199951171875,106.04000091552734
5149.669921875,5168.43017578125,5052.47021484375,5061.81982421875,5061.81982421875,3950210000,0.19229999542236328,-0.012094195787459195,0.14137120604862255,0.050928789373740735,90.0999984741211,4984.47998046875,2365.800048828125,106.20999908447266
5064.58984375,5079.83984375,5039.830078125,5051.41015625,5051.41015625,4006200000,0.18399999618530274,-0.0020586245275039964,0.13992950619522174,0.04407048999008101,90.0199966430664,4916.990234375,2390.800048828125,106.26000213623047
5068.97021484375,5077.9599609375,5007.25,5022.2099609375,5022.2099609375,3596130000,0.18209999084472656,-0.005797375076004185,0.1385419273254095,0.04355806351931707,87.29000091552734,4914.1298828125,2371.699951171875,105.94999694824219
5031.52001953125,5056.66015625,5001.89013671875,5011.1201171875,5011.1201171875,3619760000,0.18,-0.0022106017004853043,0.1297678713658004,0.050232128634199597,87.11000061035156,4936.56982421875,2382.300048828125,106.1500015258789
5005.43994140625,5019.02001953125,4953.56005859375,4967.22998046875,4967.22998046875,3878750000,0.18709999084472656,-0.008797129654056974,0.10731804915244063,0.07978194169228593,87.29000091552734,4918.08984375,2398.39990234375,106.1500015258789
4987.330078125,5038.83984375,4969.39990234375,5010.60009765625,5010.60009765625,3820250000,0.16940000534057617,0.00869335115683908,0.12556679757090697,0.0438332077696692,87.0,4936.85009765625,2332.199951171875,106.08000183105469
5028.85009765625,5076.1201171875,5027.9599609375,5070.5498046875,5070.5498046875,3751400000,0.15689999580383301,0.01189356656772209,0.1468388549501853,0.010061140853647704,88.41999816894531,5008.169921875,2327.699951171875,105.69000244140625
5084.85986328125,5089.47998046875,5047.02001953125,5071.6298828125,5071.6298828125,3656740000,0.15970000267028808,0.00021298737793290078,0.1422872787227406,0.017412723947547476,88.0199966430664,4989.8798828125,2324.5,105.86000061035156
5019.8798828125,5057.75,4990.580078125,5048.419921875,5048.419921875,3958050000,0.15369999885559082,-0.0045869342701194095,0.133121402132885,0.020578596722705816,89.01000213623047,4939.009765625,2329.800048828125,105.5999984741211
5084.64990234375,5114.6201171875,5073.14013671875,5099.9599609375,5099.9599609375,3604140000,0.15029999732971192,0.010157381332325343,0.13021588458224637,0.02008411274746555,89.5,5006.85009765625,2334.800048828125,105.94000244140625
5114.1298828125,5123.490234375,5088.64990234375,5116.169921875,5116.169921875,3447450000,0.14670000076293946,0.0031734080766393944,0.11349958148720064,0.033200419275738816,88.4000015258789,4981.08984375,2345.39990234375,105.58000183105469
5103.77978515625,5110.830078125,5035.31005859375,5035.68994140625,5035.68994140625,4082470000,0.15649999618530275,-0.015855551118928123,0.1417562174648301,0.014743778720472639,87.86000061035156,4921.22021484375,2291.39990234375,106.22000122070312
5049.31982421875,5073.2099609375,5011.0498046875,5064.2001953125,5064.2001953125,4381660000,0.1468000030517578,0.009087024725084856,0.14620854903118227,0.0005914540205755325,83.66999816894531,4890.60986328125,2299.199951171875,105.30000305175781
5122.77978515625,5139.1201171875,5101.22021484375,5127.7900390625,5127.7900390625,3924990000,0.13489999771118164,0.012478557659508005,0.14507658201185908,-0.010176584300677444,82.95999908447266,4921.47998046875,2299.0,105.02999877929688
5142.419921875,5181.0,5142.419921875,5180.740234375,5180.740234375,3683250000,0.13489999771118164,0.010273173691247842,0.14696178508753732,-0.012061787376355687,83.33000183105469,4956.9599609375,2321.60009765625,105.05000305175781
5187.2001953125,5200.22998046875,5178.9599609375,5187.7001953125,5187.7001953125,3987890000,0.1322999954223633,0.0013425282288256131,0.13909974703505723,-0.006799751612693944,83.16000366210938,5016.10009765625,2315.199951171875,105.41000366210938
5168.97998046875,5191.9501953125,5165.85986328125,5187.669921875,5187.669921875,3842100000,0.13,-5.835635193424912e-06,0.1391952806666004,-0.009195280666600386,83.58000183105469,5038.169921875,2313.60009765625,105.55000305175781
5225.490234375,5239.66015625,5209.68017578125,5222.68017578125,5222.68017578125,3617900000,0.12550000190734864,0.001648040080166728,0.12862856768240769,-0.0031285657750590445,82.79000091552734,5085.080078125,2367.300048828125,105.30999755859375
5233.080078125,5237.259765625,5211.16015625,5221.419921875,5221.419921875,4255710000,0.13600000381469726,-0.00024133317386520824,0.12917821749796365,0.006821786316733608,83.36000061035156,5078.9599609375,2336.10009765625,105.22000122070312
5221.10009765625,5250.3701171875,5217.97998046875,5246.68017578125,5246.68017578125,4763580000,0.13420000076293945,0.004826148527454041,0.08212152690866008,0.05207847385427937,82.37999725341797,5080.2900390625,2353.39990234375,105.01000213623047
5263.259765625,5311.759765625,5263.259765625,5308.14990234375,5308.14990234375,4360810000,0.12449999809265137,0.01164782778729962,0.07813684150440575,0.04636315658824562,82.75,5100.89990234375,2388.699951171875,104.3499984741211
5310.06982421875,5325.490234375,5296.18994140625,5297.10009765625,5297.10009765625,3817470000,0.12420000076293945,-0.0020838374740880464,0.08412519555057546,0.04007480521236399,83.2699966430664,5072.4501953125,2380.0,104.45999908447266
5303.10009765625,5305.4501953125,5283.58984375,5303.27001953125,5303.27001953125,3578120000,0.11989999771118164,0.0011640956878937513,0.07242554862598427,0.047474449085197365,83.9800033569336,5064.14013671875,2412.199951171875,104.44999694824219
5298.68994140625,5324.31982421875,5297.8701171875,5321.41015625,5321.41015625,3662240000,0.11859999656677246,0.0024987497668926086,0.06160573341810425,0.05699426314866821,82.87999725341797,5046.990234375,2421.699951171875,104.66000366210938
5319.27978515625,5323.18017578125,5286.009765625,5307.009765625,5307.009765625,3847130000,0.12289999961853028,-0.0027097912093521476,0.06607368629976346,0.05682631331876682,81.9000015258789,5025.169921875,2389.199951171875,104.94000244140625
5340.259765625,5341.8798828125,5256.93017578125,5267.83984375,5267.83984375,3869520000,0.12770000457763672,-0.007408162283471933,0.07958742008313284,0.04811258449450388,81.36000061035156,5037.60009765625,2335.0,105.11000061035156
5281.4501953125,5311.64990234375,5278.39013671875,5304.72021484375,5304.72021484375,3005510000,0.11930000305175781,0.0069766490766732595,0.08506100492007246,0.03423899813168535,82.12000274658203,5035.41015625,2332.5,104.72000122070312
5315.91015625,5315.91015625,5280.89013671875,5306.0400390625,5306.0400390625,3751540000,0.12920000076293944,0.00024877090688591537,0.08480581419544148,0.04439418656749797,84.22000122070312,5030.35009765625,2355.199951171875,104.61000061035156
5278.72998046875,5282.27001953125,5262.7001953125,5266.9501953125,5266.9501953125,3552750000,0.1427999973297119,-0.007394317215742535,0.09355648773147376,0.049243509598238144,83.5999984741211,4963.2001953125,2340.300048828125,105.0999984741211
5259.77001953125,5260.2099609375,5222.10009765625,5235.47998046875,5235.47998046875,3818750000,0.1447000026702881,-0.005992957535754186,0.07395410555826967,0.07074589711201842,81.86000061035156,4982.18017578125,2342.89990234375,104.72000122070312
5243.2099609375,5280.330078125,5191.68017578125,5277.509765625,5277.509765625,5437160000,0.12920000076293944,0.007995824231928897,0.08735773586273146,0.04184226490020798,81.62000274658203,4983.669921875,2322.89990234375,104.66999816894531
5297.14990234375,5302.10986328125,5234.31982421875,5283.39990234375,5283.39990234375,4046920000,0.13109999656677246,0.0011154602235352391,0.08733415124788377,0.04376584531888869,78.36000061035156,5003.5400390625,2346.60009765625,104.13999938964844
5278.240234375,5298.7998046875,5257.6298828125,5291.33984375,5291.33984375,3707900000,0.1315999984741211,0.0015016810037827531,0.08762565294344658,0.043974345530674516,77.5199966430664,4953.3701171875,2325.5,104.11000061035156
5314.47998046875,5354.16015625,5297.64013671875,5354.02978515625,5354.02978515625,3591460000,0.12630000114440917,0.011778015849957281,0.10635398208633351,0.019946019058075665,78.41000366210938,5035.66015625,2354.10009765625,104.2699966430664
5357.7998046875,5362.35009765625,5335.35986328125,5352.9599609375,5352.9599609375,3609990000,0.12579999923706053,-0.00019983660163685183,0.1048958904068888,0.020904108830171728,79.87000274658203,5069.08984375,2370.300048828125,104.0999984741211
5343.81005859375,5375.080078125,5331.330078125,5346.990234375,5346.990234375,3692760000,0.12220000267028809,-0.0011158420502790662,0.09532419716702961,0.02687580550325848,79.62000274658203,5051.31005859375,2305.199951171875,104.88999938964844
5341.22021484375,5365.7900390625,5331.52001953125,5360.7900390625,5360.7900390625,3622280000,0.12739999771118163,0.002577529978240972,0.09068114937846498,0.036718848332716644,81.62999725341797,5016.47998046875,2307.699951171875,105.1500015258789
5353.0,5375.9501953125,5327.25,5375.31982421875,5375.31982421875,3568030000,0.12850000381469726,0.0027067148552095224,0.09091113279427425,0.037588871020423006,81.91999816894531,4965.08984375,2307.5,105.2300033569336
5409.1298828125,5447.25,5409.1298828125,5421.02978515625,5421.02978515625,3962840000,0.12039999961853028,0.008467720241887338,0.08297461588663683,0.03742538373189344,82.5999984741211,5034.43017578125,2336.0,104.6500015258789
5441.93017578125,5441.93017578125,5402.509765625,5433.740234375,5433.740234375,3530380000,0.11939999580383301,0.00234191143711672,0.06702502456620928,0.05237497123762373,82.75,4935.5,2300.199951171875,105.19999694824219
5424.080078125,5432.39013671875,5403.75,5431.60009765625,5431.60009765625,3438650000,0.1265999984741211,-0.00039393828099749413,0.06523641605749468,0.061363582416626414,82.62000274658203,4839.14013671875,2331.39990234375,105.55000305175781
5431.10986328125,5488.5,5420.39990234375,5473.22998046875,5473.22998046875,3447840000,0.1275,0.007635164372320518,0.0684358591617525,0.0590641408382475,84.25,4880.419921875,2312.39990234375,105.31999969482422
5476.14990234375,5490.3798828125,5471.31982421875,5487.02978515625,5487.02978515625,3544330000,0.12300000190734864,0.0025181541815171163,0.06777943586709352,0.05522056604025512,85.33000183105469,4915.47021484375,2330.39990234375,105.26000213623047
5499.990234375,5505.52978515625,5455.56005859375,5473.169921875,5473.169921875,3847060000,0.13279999732971193,-0.0025291273954115403,0.056792679158211345,0.07600731817150058,85.70999908447266,4947.72998046875,2353.800048828125,105.58999633789062
5466.77001953125,5478.31005859375,5452.02978515625,5464.6201171875,5464.6201171875,6773800000,0.13199999809265137,-0.0015633517188252497,0.05878407998658424,0.07321591810606712,85.23999786376953,4907.2998046875,2316.39990234375,105.80000305175781
5459.580078125,5490.66015625,5447.58984375,5447.8701171875,5447.8701171875,3696750000,0.13329999923706054,-0.0030698791558664423,0.06244837779981449,0.07085162143724605,86.01000213623047,4950.97998046875,2330.0,105.47000122070312
5460.72998046875,5472.8798828125,5446.56005859375,5469.2998046875,5469.2998046875,3591960000,0.1284000015258789,0.003925873679181344,0.06323849008463334,0.06516151144124557,85.01000213623047,4935.97021484375,2316.60009765625,105.61000061035156
5460.7099609375,5483.14013671875,5451.8701171875,5477.89990234375,5477.89990234375,3563920000,0.12550000190734864,0.0015711962247204525,0.06314198119052977,0.06235802071681887,85.25,4915.93994140625,2299.199951171875,106.05000305175781
5473.58984375,5490.81005859375,5467.5400390625,5482.8701171875,5482.8701171875,3589530000,0.12239999771118164,0.0009069098567990731,0.05140627209941178,0.07099372561176986,86.38999938964844,4902.60009765625,2324.5,105.91000366210938
5488.47998046875,5523.64013671875,5451.1201171875,5460.47998046875,5460.47998046875,7199220000,0.12439999580383301,-0.0040920134623695995,0.057014588918374395,0.06738540688545862,86.41000366210938,4894.02001953125,2327.699951171875,105.87000274658203
5471.080078125,5479.5498046875,5446.52978515625,5475.08984375,5475.08984375,3488760000,0.12220000267028809,0.0026719909814295235,0.05775484310874298,0.06444515956154512,86.5999984741211,4929.990234375,2327.60009765625,105.9000015258789
5461.83984375,5509.68994140625,5458.43017578125,5509.009765625,5509.009765625,3329950000,0.12029999732971192,0.0061762057711850496,0.053203498645871754,0.06709649868384016,86.23999786376953,4906.330078125,2323.0,105.72000122070312
5507.43994140625,5539.27001953125,5507.419921875,5537.02001953125,5537.02001953125,2179470000,0.1209000015258789,0.0050715622695336636,0.05711229578284067,0.06378770574303824,87.33999633789062,4965.7998046875,2359.800048828125,105.4000015258789
5537.91015625,5570.330078125,5531.6298828125,5567.18994140625,5567.18994140625,3253080000,0.12479999542236328,0.00543397436096954,0.05768461228923165,0.06711538313313163,86.54000091552734,4979.39013671875,2388.5,104.87999725341797
5572.75,5583.10986328125,5562.509765625,5572.85009765625,5572.85009765625,3185670000,0.12369999885559083,0.0010161824764044329,0.0549847456544877,0.06871525320110312,85.75,4969.830078125,2355.199951171875,105.01000213623047
5584.240234375,5590.75,5574.56982421875,5576.97998046875,5576.97998046875,3232920000,0.12510000228881835,0.0007407974780654752,0.04812105743108768,0.07697894485773066,84.66000366210938,4903.6201171875,2360.10009765625,105.12999725341797
5591.259765625,5635.39013671875,5586.43994140625,5633.91015625,5633.91015625,3336100000,0.12850000381469726,0.010156314878105886,0.0620192492259194,0.06648075458877786,85.08000183105469,4958.85986328125,2372.199951171875,105.05000305175781
5635.2099609375,5642.4501953125,5576.52978515625,5584.5400390625,5584.5400390625,4020950000,0.12920000076293944,-0.008801649969266724,0.08583483023538602,0.043365170527553426,85.4000015258789,4976.1298828125,2415.0,104.44000244140625
5590.759765625,5655.56005859375,5590.43994140625,5615.35009765625,5615.35009765625,3700280000,0.12460000038146973,0.00550186402496512,0.08738952760808082,0.03721047277338892,85.02999877929688,5043.02001953125,2414.0,104.08999633789062
5638.16015625,5666.93994140625,5614.75,5631.22021484375,5631.22021484375,3620470000,0.13119999885559083,0.0028222164233526843,0.07957888544624188,0.051621113409348954,84.8499984741211,4983.10986328125,2422.89990234375,104.19000244140625
5644.08984375,5669.669921875,5639.02001953125,5667.2001953125,5667.2001953125,4041760000,0.13189999580383302,0.0063690499714532745,0.08119719674077917,0.05070279906305385,83.7300033569336,4947.830078125,2462.39990234375,104.2699966430664
5610.06982421875,5622.490234375,5584.81005859375,5588.27001953125,5588.27001953125,4246450000,0.14479999542236327,-0.014025441523645543,0.11743768221574596,0.027362313206617306,85.08000183105469,4891.4599609375,2454.800048828125,103.75
5608.56005859375,5614.0498046875,5522.81005859375,5544.58984375,5544.58984375,4007510000,0.15930000305175782,-0.007847112145350072,0.12394242209441907,0.03535758095733875,85.11000061035156,4870.1201171875,2451.800048828125,104.16999816894531
5543.3701171875,5557.5,5497.0400390625,5505.0,5505.0,3760570000,0.16520000457763673,-0.007165879226406085,0.12499845170951682,0.04020155286811991,82.62999725341797,4827.240234375,2395.5,104.4000015258789
5544.5400390625,5570.35986328125,5529.0400390625,5564.41015625,5564.41015625,3375180000,0.1490999984741211,0.010734217246220293,0.13845168614957515,0.010648312324545939,82.4000015258789,4897.43994140625,2392.0,104.30999755859375
5565.2998046875,5585.33984375,5550.89990234375,5555.740234375,5555.740234375,3500210000,0.1472000026702881,-0.0015593176939461904,0.13851804595775727,0.00868195671253083,81.01000213623047,4916.7998046875,2404.60009765625,104.44999694824219
5505.83984375,5508.0400390625,5419.97998046875,5427.1298828125,5427.1298828125,3945550000,0.18040000915527343,-0.02342124222289286,0.1666859344685049,0.013714074686768524,81.70999908447266,4861.8701171875,2413.300048828125,104.38999938964844
5428.7001953125,5491.58984375,5390.9501953125,5399.22021484375,5399.22021484375,4592120000,0.18459999084472656,-0.005155889019717259,0.16457706952481332,0.020022921319913234,82.37000274658203,4811.27978515625,2351.89990234375,104.36000061035156
5433.669921875,5488.31982421875,5430.7001953125,5459.10009765625,5459.10009765625,3638770000,0.16389999389648438,0.011029420409570924,0.17493789117865347,-0.011037897282169085,81.12999725341797,4862.5,2380.0,104.31999969482422
5476.5498046875,5487.740234375,5444.43994140625,5463.5400390625,5463.5400390625,3379970000,0.16600000381469726,0.0008129795718284517,0.1734068264432287,-0.007406822628531429,79.77999877929688,4815.39013671875,2377.300048828125,104.55999755859375
5478.72998046875,5489.4599609375,5401.7001953125,5436.43994140625,5436.43994140625,3777740000,0.17690000534057618,-0.0049725143613676215,0.16536725918364606,0.011532746156930118,78.62999725341797,4841.0,2405.0,104.55000305175781
